{"Unnamed: 0":0,"District":"Ariyalur","avg_latitude":11.1905148368,"avg_longitude":79.2224964392}
{"Unnamed: 0":1,"District":"Chennai","avg_latitude":13.0580989056,"avg_longitude":80.2813915185}
{"Unnamed: 0":2,"District":"Coimbatore","avg_latitude":10.8713769959,"avg_longitude":77.0761901218}
{"Unnamed: 0":3,"District":"Cuddalore","avg_latitude":11.5758730061,"avg_longitude":79.6300236537}
{"Unnamed: 0":4,"District":"Dharmapuri","avg_latitude":12.3001412,"avg_longitude":78.1150981333}
{"Unnamed: 0":5,"District":"Dindigul","avg_latitude":10.3778013908,"avg_longitude":77.7801127955}
{"Unnamed: 0":6,"District":"Erode","avg_latitude":11.267012156,"avg_longitude":77.4203433486}
{"Unnamed: 0":7,"District":"Kancheepuram","avg_latitude":12.4964247565,"avg_longitude":80.0882036014}
{"Unnamed: 0":8,"District":"Kanniyakumari","avg_latitude":8.1834663002,"avg_longitude":77.3205306405}
{"Unnamed: 0":9,"District":"Karur","avg_latitude":10.7953277662,"avg_longitude":78.0874968685}
{"Unnamed: 0":10,"District":"Madurai","avg_latitude":9.9043138333,"avg_longitude":78.0136603333}
{"Unnamed: 0":11,"District":"Nagapattinam","avg_latitude":10.7894681617,"avg_longitude":79.7943729943}
{"Unnamed: 0":12,"District":"Namakkal","avg_latitude":11.3376663848,"avg_longitude":78.1462484144}
{"Unnamed: 0":13,"District":"Nilgiris","avg_latitude":11.4423616613,"avg_longitude":76.6614642173}
{"Unnamed: 0":14,"District":"Perambalur","avg_latitude":11.2601377581,"avg_longitude":78.860340118}
{"Unnamed: 0":15,"District":"Pudukkottai","avg_latitude":10.1305148164,"avg_longitude":79.0544448427}
{"Unnamed: 0":16,"District":"Ramanathapuram","avg_latitude":9.3128699515,"avg_longitude":78.9918536241}
{"Unnamed: 0":17,"District":"Salem","avg_latitude":11.6293242021,"avg_longitude":78.2478257979}
{"Unnamed: 0":18,"District":"Sivaganga","avg_latitude":9.9603065806,"avg_longitude":78.5653572903}
{"Unnamed: 0":19,"District":"Thanjavur","avg_latitude":10.3876922559,"avg_longitude":79.3194869108}
{"Unnamed: 0":20,"District":"Theni","avg_latitude":9.9240666667,"avg_longitude":77.4345883333}
{"Unnamed: 0":21,"District":"Thiruvallur","avg_latitude":13.2758581018,"avg_longitude":80.1972470286}
{"Unnamed: 0":22,"District":"Thiruvarur","avg_latitude":10.3689274094,"avg_longitude":79.6032289396}
{"Unnamed: 0":23,"District":"Thoothukudi","avg_latitude":8.7209611697,"avg_longitude":78.1383269096}
{"Unnamed: 0":24,"District":"Tiruchchirappalli","avg_latitude":10.8378413232,"avg_longitude":78.5472900217}
{"Unnamed: 0":25,"District":"Tirunelveli Kattabo","avg_latitude":8.4574307038,"avg_longitude":77.7054963628}
{"Unnamed: 0":26,"District":"Tiruvannamalai","avg_latitude":12.4193189474,"avg_longitude":79.2326563158}
{"Unnamed: 0":27,"District":"Vellore","avg_latitude":12.7848826323,"avg_longitude":79.0264328358}
{"Unnamed: 0":28,"District":"Villupuram","avg_latitude":12.0655713527,"avg_longitude":79.6898910094}
{"Unnamed: 0":29,"District":"Virudhunagar","avg_latitude":9.4688721959,"avg_longitude":77.8764146919}
